{
  "id": "4054208",
  "name": "com-widget",
  "font_family": "iconfont",
  "css_prefix_text": "icon-",
  "description": "",
  "glyphs": [
    {
      "icon_id": "1479636",
      "name": "fs-line",
      "font_class": "fs-line",
      "unicode": "e610",
      "unicode_decimal": 58896
    },
    {
      "icon_id": "27533495",
      "name": "minus-line",
      "font_class": "minus-line",
      "unicode": "e682",
      "unicode_decimal": 59010
    },
    {
      "icon_id": "5203299",
      "name": "太阳",
      "font_class": "taiyang",
      "unicode": "e635",
      "unicode_decimal": 58933
    },
    {
      "icon_id": "32096264",
      "name": "月亮",
      "font_class": "yueliang",
      "unicode": "e6b6",
      "unicode_decimal": 59062
    }
  ]
}
